"~start_node_id","~start_node_labels","~start_node_property_nome","~relationship_type","~end_node_id","~end_node_labels","~end_node_property_nome","~relationship_property_rating"
"4:70a784b1-e1e2-403d-9e72-e2002591c6d7:37","Actor;Director","Jon Favreau","ACTED_IN","4:70a784b1-e1e2-403d-9e72-e2002591c6d7:17","Movie","Homem de Ferro",
"4:70a784b1-e1e2-403d-9e72-e2002591c6d7:28","Actor","Daniel Radcliffe","ACTED_IN","4:70a784b1-e1e2-403d-9e72-e2002591c6d7:10","Movie","Harry Potter e a Pedra Filosofal",
"4:70a784b1-e1e2-403d-9e72-e2002591c6d7:29","Actor","William Zabka","ACTED_IN","4:70a784b1-e1e2-403d-9e72-e2002591c6d7:40","Series","Cobra Kai",
"4:70a784b1-e1e2-403d-9e72-e2002591c6d7:0","User","Pedro","WATCHED","4:70a784b1-e1e2-403d-9e72-e2002591c6d7:40","Series","Cobra Kai",10
"4:70a784b1-e1e2-403d-9e72-e2002591c6d7:0","User","Pedro","WATCHED","4:70a784b1-e1e2-403d-9e72-e2002591c6d7:10","Movie","Harry Potter e a Pedra Filosofal",10
"4:70a784b1-e1e2-403d-9e72-e2002591c6d7:40","Series","Cobra Kai","HAS_GENRE","4:70a784b1-e1e2-403d-9e72-e2002591c6d7:71","Genre","Drama",
"4:70a784b1-e1e2-403d-9e72-e2002591c6d7:10","Movie","Harry Potter e a Pedra Filosofal","HAS_GENRE","4:70a784b1-e1e2-403d-9e72-e2002591c6d7:75","Genre","Ficção",
"4:70a784b1-e1e2-403d-9e72-e2002591c6d7:17","Movie","Homem de Ferro","DIRECTED_BY","4:70a784b1-e1e2-403d-9e72-e2002591c6d7:37","Actor;Director","Jon Favreau",
"4:70a784b1-e1e2-403d-9e72-e2002591c6d7:10","Movie","Harry Potter e a Pedra Filosofal","DIRECTED_BY","4:70a784b1-e1e2-403d-9e72-e2002591c6d7:33","Director","Chris Colombus",
"4:70a784b1-e1e2-403d-9e72-e2002591c6d7:40","Series","Cobra Kai","DIRECTED_BY","4:70a784b1-e1e2-403d-9e72-e2002591c6d7:53","Director","Jon Hurwitz",
"4:70a784b1-e1e2-403d-9e72-e2002591c6d7:29","Actor","William Zabka","ACTED_IN","4:70a784b1-e1e2-403d-9e72-e2002591c6d7:14","Movie","Karatê Kid",
"4:70a784b1-e1e2-403d-9e72-e2002591c6d7:0","User","Pedro","WATCHED","4:70a784b1-e1e2-403d-9e72-e2002591c6d7:14","Movie","Karatê Kid",10
"4:70a784b1-e1e2-403d-9e72-e2002591c6d7:0","User","Pedro","WATCHED","4:70a784b1-e1e2-403d-9e72-e2002591c6d7:17","Movie","Homem de Ferro",10
"4:70a784b1-e1e2-403d-9e72-e2002591c6d7:0","User","Pedro","WATCHED","4:70a784b1-e1e2-403d-9e72-e2002591c6d7:11","Movie","Indiana Jones",10
"4:70a784b1-e1e2-403d-9e72-e2002591c6d7:0","User","Pedro","WATCHED","4:70a784b1-e1e2-403d-9e72-e2002591c6d7:12","Movie","Gente Grande",10
"4:70a784b1-e1e2-403d-9e72-e2002591c6d7:0","User","Pedro","WATCHED","4:70a784b1-e1e2-403d-9e72-e2002591c6d7:15","Movie","Batman",10
"4:70a784b1-e1e2-403d-9e72-e2002591c6d7:0","User","Pedro","WATCHED","4:70a784b1-e1e2-403d-9e72-e2002591c6d7:16","Movie","O Espetacular Homem-Aranha",10
"4:70a784b1-e1e2-403d-9e72-e2002591c6d7:0","User","Pedro","WATCHED","4:70a784b1-e1e2-403d-9e72-e2002591c6d7:18","Movie","O Poderoso Chefão",10
"4:70a784b1-e1e2-403d-9e72-e2002591c6d7:0","User","Pedro","WATCHED","4:70a784b1-e1e2-403d-9e72-e2002591c6d7:19","Movie","Os Goonies",10
"4:70a784b1-e1e2-403d-9e72-e2002591c6d7:0","User","Pedro","WATCHED","4:70a784b1-e1e2-403d-9e72-e2002591c6d7:41","Series","Peaky Blinders",10
"4:70a784b1-e1e2-403d-9e72-e2002591c6d7:0","User","Pedro","WATCHED","4:70a784b1-e1e2-403d-9e72-e2002591c6d7:42","Series","Supernatural",10
"4:70a784b1-e1e2-403d-9e72-e2002591c6d7:0","User","Pedro","WATCHED","4:70a784b1-e1e2-403d-9e72-e2002591c6d7:43","Series","Como Vender Drogas Online",10
"4:70a784b1-e1e2-403d-9e72-e2002591c6d7:0","User","Pedro","WATCHED","4:70a784b1-e1e2-403d-9e72-e2002591c6d7:44","Series","Sex Education",10
"4:70a784b1-e1e2-403d-9e72-e2002591c6d7:0","User","Pedro","WATCHED","4:70a784b1-e1e2-403d-9e72-e2002591c6d7:45","Series","The End Of The Fucking World",10
"4:70a784b1-e1e2-403d-9e72-e2002591c6d7:0","User","Pedro","WATCHED","4:70a784b1-e1e2-403d-9e72-e2002591c6d7:46","Series","Wandinha",10
"4:70a784b1-e1e2-403d-9e72-e2002591c6d7:0","User","Pedro","WATCHED","4:70a784b1-e1e2-403d-9e72-e2002591c6d7:47","Series","Stranger Things",10
"4:70a784b1-e1e2-403d-9e72-e2002591c6d7:0","User","Pedro","WATCHED","4:70a784b1-e1e2-403d-9e72-e2002591c6d7:48","Series","Outer Banks",10
"4:70a784b1-e1e2-403d-9e72-e2002591c6d7:0","User","Pedro","WATCHED","4:70a784b1-e1e2-403d-9e72-e2002591c6d7:49","Series","Irmandade",10
"4:70a784b1-e1e2-403d-9e72-e2002591c6d7:14","Movie","Karatê Kid","HAS_GENRE","4:70a784b1-e1e2-403d-9e72-e2002591c6d7:71","Genre","Drama",
"4:70a784b1-e1e2-403d-9e72-e2002591c6d7:18","Movie","O Poderoso Chefão","HAS_GENRE","4:70a784b1-e1e2-403d-9e72-e2002591c6d7:71","Genre","Drama",
"4:70a784b1-e1e2-403d-9e72-e2002591c6d7:41","Series","Peaky Blinders","HAS_GENRE","4:70a784b1-e1e2-403d-9e72-e2002591c6d7:71","Genre","Drama",
"4:70a784b1-e1e2-403d-9e72-e2002591c6d7:43","Series","Como Vender Drogas Online","HAS_GENRE","4:70a784b1-e1e2-403d-9e72-e2002591c6d7:71","Genre","Drama",
"4:70a784b1-e1e2-403d-9e72-e2002591c6d7:49","Series","Irmandade","HAS_GENRE","4:70a784b1-e1e2-403d-9e72-e2002591c6d7:71","Genre","Drama",
"4:70a784b1-e1e2-403d-9e72-e2002591c6d7:42","Series","Supernatural","HAS_GENRE","4:70a784b1-e1e2-403d-9e72-e2002591c6d7:75","Genre","Ficção",
"4:70a784b1-e1e2-403d-9e72-e2002591c6d7:1","User","Pamela","WATCHED","4:70a784b1-e1e2-403d-9e72-e2002591c6d7:19","Movie","Os Goonies",10
"4:70a784b1-e1e2-403d-9e72-e2002591c6d7:19","Movie","Os Goonies","HAS_GENRE","4:70a784b1-e1e2-403d-9e72-e2002591c6d7:74","Genre","Aventura",
"4:70a784b1-e1e2-403d-9e72-e2002591c6d7:19","Movie","Os Goonies","DIRECTED_BY","4:70a784b1-e1e2-403d-9e72-e2002591c6d7:39","Director","Richard Donner",
"4:70a784b1-e1e2-403d-9e72-e2002591c6d7:1","User","Pamela","WATCHED","4:70a784b1-e1e2-403d-9e72-e2002591c6d7:18","Movie","O Poderoso Chefão",10
"4:70a784b1-e1e2-403d-9e72-e2002591c6d7:5","User","Maria","WATCHED","4:70a784b1-e1e2-403d-9e72-e2002591c6d7:18","Movie","O Poderoso Chefão",10
"4:70a784b1-e1e2-403d-9e72-e2002591c6d7:22","Actor","Al Pacino","ACTED_IN","4:70a784b1-e1e2-403d-9e72-e2002591c6d7:18","Movie","O Poderoso Chefão",
"4:70a784b1-e1e2-403d-9e72-e2002591c6d7:26","Actor","Marlon Brando","ACTED_IN","4:70a784b1-e1e2-403d-9e72-e2002591c6d7:18","Movie","O Poderoso Chefão",
"4:70a784b1-e1e2-403d-9e72-e2002591c6d7:18","Movie","O Poderoso Chefão","DIRECTED_BY","4:70a784b1-e1e2-403d-9e72-e2002591c6d7:32","Director","Francis Ford Coppola",
"4:70a784b1-e1e2-403d-9e72-e2002591c6d7:5","User","Maria","WATCHED","4:70a784b1-e1e2-403d-9e72-e2002591c6d7:16","Movie","O Espetacular Homem-Aranha",10
"4:70a784b1-e1e2-403d-9e72-e2002591c6d7:2","User","João","WATCHED","4:70a784b1-e1e2-403d-9e72-e2002591c6d7:16","Movie","O Espetacular Homem-Aranha",10
"4:70a784b1-e1e2-403d-9e72-e2002591c6d7:6","User","Isabelly","WATCHED","4:70a784b1-e1e2-403d-9e72-e2002591c6d7:16","Movie","O Espetacular Homem-Aranha",10
"4:70a784b1-e1e2-403d-9e72-e2002591c6d7:7","User","Ronaldo","WATCHED","4:70a784b1-e1e2-403d-9e72-e2002591c6d7:16","Movie","O Espetacular Homem-Aranha",10
"4:70a784b1-e1e2-403d-9e72-e2002591c6d7:9","User","Leonardo","WATCHED","4:70a784b1-e1e2-403d-9e72-e2002591c6d7:16","Movie","O Espetacular Homem-Aranha",10
"4:70a784b1-e1e2-403d-9e72-e2002591c6d7:16","Movie","O Espetacular Homem-Aranha","HAS_GENRE","4:70a784b1-e1e2-403d-9e72-e2002591c6d7:70","Genre","Ação",
"4:70a784b1-e1e2-403d-9e72-e2002591c6d7:24","Actor","Andrew Garfield","ACTED_IN","4:70a784b1-e1e2-403d-9e72-e2002591c6d7:16","Movie","O Espetacular Homem-Aranha",
"4:70a784b1-e1e2-403d-9e72-e2002591c6d7:16","Movie","O Espetacular Homem-Aranha","DIRECTED_BY","4:70a784b1-e1e2-403d-9e72-e2002591c6d7:38","Director","Mark Webb",
"4:70a784b1-e1e2-403d-9e72-e2002591c6d7:2","User","João","WATCHED","4:70a784b1-e1e2-403d-9e72-e2002591c6d7:15","Movie","Batman",10
"4:70a784b1-e1e2-403d-9e72-e2002591c6d7:6","User","Isabelly","WATCHED","4:70a784b1-e1e2-403d-9e72-e2002591c6d7:15","Movie","Batman",10
"4:70a784b1-e1e2-403d-9e72-e2002591c6d7:9","User","Leonardo","WATCHED","4:70a784b1-e1e2-403d-9e72-e2002591c6d7:15","Movie","Batman",10
"4:70a784b1-e1e2-403d-9e72-e2002591c6d7:15","Movie","Batman","HAS_GENRE","4:70a784b1-e1e2-403d-9e72-e2002591c6d7:70","Genre","Ação",
"4:70a784b1-e1e2-403d-9e72-e2002591c6d7:3","User","Fernando","WATCHED","4:70a784b1-e1e2-403d-9e72-e2002591c6d7:15","Movie","Batman",10
"4:70a784b1-e1e2-403d-9e72-e2002591c6d7:25","Actor","Robert Pattinson","ACTED_IN","4:70a784b1-e1e2-403d-9e72-e2002591c6d7:15","Movie","Batman",
"4:70a784b1-e1e2-403d-9e72-e2002591c6d7:15","Movie","Batman","DIRECTED_BY","4:70a784b1-e1e2-403d-9e72-e2002591c6d7:30","Director","Matt Reeves",
"4:70a784b1-e1e2-403d-9e72-e2002591c6d7:1","User","Pamela","WATCHED","4:70a784b1-e1e2-403d-9e72-e2002591c6d7:12","Movie","Gente Grande",10
"4:70a784b1-e1e2-403d-9e72-e2002591c6d7:2","User","João","WATCHED","4:70a784b1-e1e2-403d-9e72-e2002591c6d7:12","Movie","Gente Grande",10
"4:70a784b1-e1e2-403d-9e72-e2002591c6d7:3","User","Fernando","WATCHED","4:70a784b1-e1e2-403d-9e72-e2002591c6d7:12","Movie","Gente Grande",10
"4:70a784b1-e1e2-403d-9e72-e2002591c6d7:5","User","Maria","WATCHED","4:70a784b1-e1e2-403d-9e72-e2002591c6d7:12","Movie","Gente Grande",10
"4:70a784b1-e1e2-403d-9e72-e2002591c6d7:6","User","Isabelly","WATCHED","4:70a784b1-e1e2-403d-9e72-e2002591c6d7:12","Movie","Gente Grande",10
"4:70a784b1-e1e2-403d-9e72-e2002591c6d7:9","User","Leonardo","WATCHED","4:70a784b1-e1e2-403d-9e72-e2002591c6d7:12","Movie","Gente Grande",10
"4:70a784b1-e1e2-403d-9e72-e2002591c6d7:4","User","Jhennyfer","WATCHED","4:70a784b1-e1e2-403d-9e72-e2002591c6d7:12","Movie","Gente Grande",10
"4:70a784b1-e1e2-403d-9e72-e2002591c6d7:8","User","Gabriel","WATCHED","4:70a784b1-e1e2-403d-9e72-e2002591c6d7:12","Movie","Gente Grande",10
"4:70a784b1-e1e2-403d-9e72-e2002591c6d7:12","Movie","Gente Grande","HAS_GENRE","4:70a784b1-e1e2-403d-9e72-e2002591c6d7:73","Genre","Comédia",
"4:70a784b1-e1e2-403d-9e72-e2002591c6d7:20","Actor","Adam Sandler","ACTED_IN","4:70a784b1-e1e2-403d-9e72-e2002591c6d7:12","Movie","Gente Grande",
"4:70a784b1-e1e2-403d-9e72-e2002591c6d7:27","Actor","Kevin James","ACTED_IN","4:70a784b1-e1e2-403d-9e72-e2002591c6d7:12","Movie","Gente Grande",
"4:70a784b1-e1e2-403d-9e72-e2002591c6d7:12","Movie","Gente Grande","DIRECTED_BY","4:70a784b1-e1e2-403d-9e72-e2002591c6d7:34","Director","Dennis Dugan",
"4:70a784b1-e1e2-403d-9e72-e2002591c6d7:1","User","Pamela","WATCHED","4:70a784b1-e1e2-403d-9e72-e2002591c6d7:11","Movie","Indiana Jones",10
"4:70a784b1-e1e2-403d-9e72-e2002591c6d7:11","Movie","Indiana Jones","HAS_GENRE","4:70a784b1-e1e2-403d-9e72-e2002591c6d7:74","Genre","Aventura",
"4:70a784b1-e1e2-403d-9e72-e2002591c6d7:23","Actor","Harrisson Ford","ACTED_IN","4:70a784b1-e1e2-403d-9e72-e2002591c6d7:11","Movie","Indiana Jones",
"4:70a784b1-e1e2-403d-9e72-e2002591c6d7:11","Movie","Indiana Jones","DIRECTED_BY","4:70a784b1-e1e2-403d-9e72-e2002591c6d7:31","Director","Steven Spielberg",
"4:70a784b1-e1e2-403d-9e72-e2002591c6d7:9","User","Leonardo","WATCHED","4:70a784b1-e1e2-403d-9e72-e2002591c6d7:14","Movie","Karatê Kid",10
"4:70a784b1-e1e2-403d-9e72-e2002591c6d7:61","Actor","Ralph Macchio","ACTED_IN","4:70a784b1-e1e2-403d-9e72-e2002591c6d7:14","Movie","Karatê Kid",
"4:70a784b1-e1e2-403d-9e72-e2002591c6d7:14","Movie","Karatê Kid","DIRECTED_BY","4:70a784b1-e1e2-403d-9e72-e2002591c6d7:35","Director","John G. Avildsen",
"4:70a784b1-e1e2-403d-9e72-e2002591c6d7:1","User","Pamela","WATCHED","4:70a784b1-e1e2-403d-9e72-e2002591c6d7:17","Movie","Homem de Ferro",10
"4:70a784b1-e1e2-403d-9e72-e2002591c6d7:2","User","João","WATCHED","4:70a784b1-e1e2-403d-9e72-e2002591c6d7:17","Movie","Homem de Ferro",10
"4:70a784b1-e1e2-403d-9e72-e2002591c6d7:3","User","Fernando","WATCHED","4:70a784b1-e1e2-403d-9e72-e2002591c6d7:17","Movie","Homem de Ferro",10
"4:70a784b1-e1e2-403d-9e72-e2002591c6d7:5","User","Maria","WATCHED","4:70a784b1-e1e2-403d-9e72-e2002591c6d7:17","Movie","Homem de Ferro",10
"4:70a784b1-e1e2-403d-9e72-e2002591c6d7:6","User","Isabelly","WATCHED","4:70a784b1-e1e2-403d-9e72-e2002591c6d7:17","Movie","Homem de Ferro",10
"4:70a784b1-e1e2-403d-9e72-e2002591c6d7:7","User","Ronaldo","WATCHED","4:70a784b1-e1e2-403d-9e72-e2002591c6d7:17","Movie","Homem de Ferro",10
"4:70a784b1-e1e2-403d-9e72-e2002591c6d7:9","User","Leonardo","WATCHED","4:70a784b1-e1e2-403d-9e72-e2002591c6d7:17","Movie","Homem de Ferro",10
"4:70a784b1-e1e2-403d-9e72-e2002591c6d7:17","Movie","Homem de Ferro","HAS_GENRE","4:70a784b1-e1e2-403d-9e72-e2002591c6d7:70","Genre","Ação",
"4:70a784b1-e1e2-403d-9e72-e2002591c6d7:21","Actor","Robert Downey Jr.","ACTED_IN","4:70a784b1-e1e2-403d-9e72-e2002591c6d7:17","Movie","Homem de Ferro",
"4:70a784b1-e1e2-403d-9e72-e2002591c6d7:1","User","Pamela","WATCHED","4:70a784b1-e1e2-403d-9e72-e2002591c6d7:10","Movie","Harry Potter e a Pedra Filosofal",10
"4:70a784b1-e1e2-403d-9e72-e2002591c6d7:2","User","João","WATCHED","4:70a784b1-e1e2-403d-9e72-e2002591c6d7:10","Movie","Harry Potter e a Pedra Filosofal",10
"4:70a784b1-e1e2-403d-9e72-e2002591c6d7:3","User","Fernando","WATCHED","4:70a784b1-e1e2-403d-9e72-e2002591c6d7:10","Movie","Harry Potter e a Pedra Filosofal",10
"4:70a784b1-e1e2-403d-9e72-e2002591c6d7:5","User","Maria","WATCHED","4:70a784b1-e1e2-403d-9e72-e2002591c6d7:10","Movie","Harry Potter e a Pedra Filosofal",10
"4:70a784b1-e1e2-403d-9e72-e2002591c6d7:6","User","Isabelly","WATCHED","4:70a784b1-e1e2-403d-9e72-e2002591c6d7:10","Movie","Harry Potter e a Pedra Filosofal",10
"4:70a784b1-e1e2-403d-9e72-e2002591c6d7:7","User","Ronaldo","WATCHED","4:70a784b1-e1e2-403d-9e72-e2002591c6d7:10","Movie","Harry Potter e a Pedra Filosofal",10
"4:70a784b1-e1e2-403d-9e72-e2002591c6d7:8","User","Gabriel","WATCHED","4:70a784b1-e1e2-403d-9e72-e2002591c6d7:10","Movie","Harry Potter e a Pedra Filosofal",10
"4:70a784b1-e1e2-403d-9e72-e2002591c6d7:9","User","Leonardo","WATCHED","4:70a784b1-e1e2-403d-9e72-e2002591c6d7:10","Movie","Harry Potter e a Pedra Filosofal",10
"4:70a784b1-e1e2-403d-9e72-e2002591c6d7:3","User","Fernando","WATCHED","4:70a784b1-e1e2-403d-9e72-e2002591c6d7:40","Series","Cobra Kai",10
"4:70a784b1-e1e2-403d-9e72-e2002591c6d7:3","User","Fernando","WATCHED","4:70a784b1-e1e2-403d-9e72-e2002591c6d7:41","Series","Peaky Blinders",10
"4:70a784b1-e1e2-403d-9e72-e2002591c6d7:3","User","Fernando","WATCHED","4:70a784b1-e1e2-403d-9e72-e2002591c6d7:43","Series","Como Vender Drogas Online",10
"4:70a784b1-e1e2-403d-9e72-e2002591c6d7:3","User","Fernando","WATCHED","4:70a784b1-e1e2-403d-9e72-e2002591c6d7:44","Series","Sex Education",10
"4:70a784b1-e1e2-403d-9e72-e2002591c6d7:3","User","Fernando","WATCHED","4:70a784b1-e1e2-403d-9e72-e2002591c6d7:46","Series","Wandinha",10
"4:70a784b1-e1e2-403d-9e72-e2002591c6d7:3","User","Fernando","WATCHED","4:70a784b1-e1e2-403d-9e72-e2002591c6d7:48","Series","Outer Banks",10
"4:70a784b1-e1e2-403d-9e72-e2002591c6d7:3","User","Fernando","WATCHED","4:70a784b1-e1e2-403d-9e72-e2002591c6d7:13","Movie","Invocação do Mal",10
"4:70a784b1-e1e2-403d-9e72-e2002591c6d7:1","User","Pamela","WATCHED","4:70a784b1-e1e2-403d-9e72-e2002591c6d7:40","Series","Cobra Kai",10
"4:70a784b1-e1e2-403d-9e72-e2002591c6d7:9","User","Leonardo","WATCHED","4:70a784b1-e1e2-403d-9e72-e2002591c6d7:40","Series","Cobra Kai",10
"4:70a784b1-e1e2-403d-9e72-e2002591c6d7:1","User","Pamela","WATCHED","4:70a784b1-e1e2-403d-9e72-e2002591c6d7:41","Series","Peaky Blinders",10
"4:70a784b1-e1e2-403d-9e72-e2002591c6d7:5","User","Maria","WATCHED","4:70a784b1-e1e2-403d-9e72-e2002591c6d7:41","Series","Peaky Blinders",10
"4:70a784b1-e1e2-403d-9e72-e2002591c6d7:6","User","Isabelly","WATCHED","4:70a784b1-e1e2-403d-9e72-e2002591c6d7:41","Series","Peaky Blinders",10
"4:70a784b1-e1e2-403d-9e72-e2002591c6d7:7","User","Ronaldo","WATCHED","4:70a784b1-e1e2-403d-9e72-e2002591c6d7:41","Series","Peaky Blinders",10
"4:70a784b1-e1e2-403d-9e72-e2002591c6d7:41","Series","Peaky Blinders","DIRECTED_BY","4:70a784b1-e1e2-403d-9e72-e2002591c6d7:52","Director","Steven Knight",
"4:70a784b1-e1e2-403d-9e72-e2002591c6d7:1","User","Pamela","WATCHED","4:70a784b1-e1e2-403d-9e72-e2002591c6d7:42","Series","Supernatural",10
"4:70a784b1-e1e2-403d-9e72-e2002591c6d7:5","User","Maria","WATCHED","4:70a784b1-e1e2-403d-9e72-e2002591c6d7:42","Series","Supernatural",10
"4:70a784b1-e1e2-403d-9e72-e2002591c6d7:6","User","Isabelly","WATCHED","4:70a784b1-e1e2-403d-9e72-e2002591c6d7:42","Series","Supernatural",10
"4:70a784b1-e1e2-403d-9e72-e2002591c6d7:7","User","Ronaldo","WATCHED","4:70a784b1-e1e2-403d-9e72-e2002591c6d7:42","Series","Supernatural",10
"4:70a784b1-e1e2-403d-9e72-e2002591c6d7:8","User","Gabriel","WATCHED","4:70a784b1-e1e2-403d-9e72-e2002591c6d7:42","Series","Supernatural",10
"4:70a784b1-e1e2-403d-9e72-e2002591c6d7:9","User","Leonardo","WATCHED","4:70a784b1-e1e2-403d-9e72-e2002591c6d7:42","Series","Supernatural",10
"4:70a784b1-e1e2-403d-9e72-e2002591c6d7:65","Actor","Jensen Ackles","ACTED_IN","4:70a784b1-e1e2-403d-9e72-e2002591c6d7:42","Series","Supernatural",
"4:70a784b1-e1e2-403d-9e72-e2002591c6d7:42","Series","Supernatural","DIRECTED_BY","4:70a784b1-e1e2-403d-9e72-e2002591c6d7:56","Director","Eric Kripke",
"4:70a784b1-e1e2-403d-9e72-e2002591c6d7:6","User","Isabelly","WATCHED","4:70a784b1-e1e2-403d-9e72-e2002591c6d7:43","Series","Como Vender Drogas Online",10
"4:70a784b1-e1e2-403d-9e72-e2002591c6d7:8","User","Gabriel","WATCHED","4:70a784b1-e1e2-403d-9e72-e2002591c6d7:43","Series","Como Vender Drogas Online",10
"4:70a784b1-e1e2-403d-9e72-e2002591c6d7:67","Actor","Maximilian Mundt","ACTED_IN","4:70a784b1-e1e2-403d-9e72-e2002591c6d7:43","Series","Como Vender Drogas Online",
"4:70a784b1-e1e2-403d-9e72-e2002591c6d7:43","Series","Como Vender Drogas Online","DIRECTED_BY","4:70a784b1-e1e2-403d-9e72-e2002591c6d7:57","Director","Arne Feldhusen",
"4:70a784b1-e1e2-403d-9e72-e2002591c6d7:4","User","Jhennyfer","WATCHED","4:70a784b1-e1e2-403d-9e72-e2002591c6d7:44","Series","Sex Education",10
"4:70a784b1-e1e2-403d-9e72-e2002591c6d7:5","User","Maria","WATCHED","4:70a784b1-e1e2-403d-9e72-e2002591c6d7:44","Series","Sex Education",10
"4:70a784b1-e1e2-403d-9e72-e2002591c6d7:6","User","Isabelly","WATCHED","4:70a784b1-e1e2-403d-9e72-e2002591c6d7:44","Series","Sex Education",10
"4:70a784b1-e1e2-403d-9e72-e2002591c6d7:8","User","Gabriel","WATCHED","4:70a784b1-e1e2-403d-9e72-e2002591c6d7:44","Series","Sex Education",10
"4:70a784b1-e1e2-403d-9e72-e2002591c6d7:9","User","Leonardo","WATCHED","4:70a784b1-e1e2-403d-9e72-e2002591c6d7:44","Series","Sex Education",10
"4:70a784b1-e1e2-403d-9e72-e2002591c6d7:44","Series","Sex Education","HAS_GENRE","4:70a784b1-e1e2-403d-9e72-e2002591c6d7:73","Genre","Comédia",
"4:70a784b1-e1e2-403d-9e72-e2002591c6d7:44","Series","Sex Education","DIRECTED_BY","4:70a784b1-e1e2-403d-9e72-e2002591c6d7:54","Director","Ben Taylor",
"4:70a784b1-e1e2-403d-9e72-e2002591c6d7:6","User","Isabelly","WATCHED","4:70a784b1-e1e2-403d-9e72-e2002591c6d7:45","Series","The End Of The Fucking World",10
"4:70a784b1-e1e2-403d-9e72-e2002591c6d7:8","User","Gabriel","WATCHED","4:70a784b1-e1e2-403d-9e72-e2002591c6d7:45","Series","The End Of The Fucking World",10
"4:70a784b1-e1e2-403d-9e72-e2002591c6d7:45","Series","The End Of The Fucking World","HAS_GENRE","4:70a784b1-e1e2-403d-9e72-e2002591c6d7:73","Genre","Comédia",
"4:70a784b1-e1e2-403d-9e72-e2002591c6d7:45","Series","The End Of The Fucking World","DIRECTED_BY","4:70a784b1-e1e2-403d-9e72-e2002591c6d7:83","Director","Jonathan Entwistle",
"4:70a784b1-e1e2-403d-9e72-e2002591c6d7:6","User","Isabelly","WATCHED","4:70a784b1-e1e2-403d-9e72-e2002591c6d7:46","Series","Wandinha",10
"4:70a784b1-e1e2-403d-9e72-e2002591c6d7:8","User","Gabriel","WATCHED","4:70a784b1-e1e2-403d-9e72-e2002591c6d7:46","Series","Wandinha",10
"4:70a784b1-e1e2-403d-9e72-e2002591c6d7:9","User","Leonardo","WATCHED","4:70a784b1-e1e2-403d-9e72-e2002591c6d7:46","Series","Wandinha",10
"4:70a784b1-e1e2-403d-9e72-e2002591c6d7:46","Series","Wandinha","HAS_GENRE","4:70a784b1-e1e2-403d-9e72-e2002591c6d7:76","Genre","Suspense",
"4:70a784b1-e1e2-403d-9e72-e2002591c6d7:46","Series","Wandinha","DIRECTED_BY","4:70a784b1-e1e2-403d-9e72-e2002591c6d7:50","Director","Tim Burton",
"4:70a784b1-e1e2-403d-9e72-e2002591c6d7:4","User","Jhennyfer","WATCHED","4:70a784b1-e1e2-403d-9e72-e2002591c6d7:47","Series","Stranger Things",10
"4:70a784b1-e1e2-403d-9e72-e2002591c6d7:5","User","Maria","WATCHED","4:70a784b1-e1e2-403d-9e72-e2002591c6d7:47","Series","Stranger Things",10
"4:70a784b1-e1e2-403d-9e72-e2002591c6d7:6","User","Isabelly","WATCHED","4:70a784b1-e1e2-403d-9e72-e2002591c6d7:47","Series","Stranger Things",10
"4:70a784b1-e1e2-403d-9e72-e2002591c6d7:9","User","Leonardo","WATCHED","4:70a784b1-e1e2-403d-9e72-e2002591c6d7:47","Series","Stranger Things",10
"4:70a784b1-e1e2-403d-9e72-e2002591c6d7:47","Series","Stranger Things","HAS_GENRE","4:70a784b1-e1e2-403d-9e72-e2002591c6d7:76","Genre","Suspense",
"4:70a784b1-e1e2-403d-9e72-e2002591c6d7:66","Actor","Madelyn Cline","ACTED_IN","4:70a784b1-e1e2-403d-9e72-e2002591c6d7:47","Series","Stranger Things",
"4:70a784b1-e1e2-403d-9e72-e2002591c6d7:47","Series","Stranger Things","DIRECTED_BY","4:70a784b1-e1e2-403d-9e72-e2002591c6d7:59","Director","Ross Duffer",
"4:70a784b1-e1e2-403d-9e72-e2002591c6d7:4","User","Jhennyfer","WATCHED","4:70a784b1-e1e2-403d-9e72-e2002591c6d7:48","Series","Outer Banks",10
"4:70a784b1-e1e2-403d-9e72-e2002591c6d7:5","User","Maria","WATCHED","4:70a784b1-e1e2-403d-9e72-e2002591c6d7:48","Series","Outer Banks",10
"4:70a784b1-e1e2-403d-9e72-e2002591c6d7:6","User","Isabelly","WATCHED","4:70a784b1-e1e2-403d-9e72-e2002591c6d7:48","Series","Outer Banks",10
"4:70a784b1-e1e2-403d-9e72-e2002591c6d7:8","User","Gabriel","WATCHED","4:70a784b1-e1e2-403d-9e72-e2002591c6d7:48","Series","Outer Banks",10
"4:70a784b1-e1e2-403d-9e72-e2002591c6d7:48","Series","Outer Banks","HAS_GENRE","4:70a784b1-e1e2-403d-9e72-e2002591c6d7:74","Genre","Aventura",
"4:70a784b1-e1e2-403d-9e72-e2002591c6d7:66","Actor","Madelyn Cline","ACTED_IN","4:70a784b1-e1e2-403d-9e72-e2002591c6d7:48","Series","Outer Banks",
"4:70a784b1-e1e2-403d-9e72-e2002591c6d7:48","Series","Outer Banks","DIRECTED_BY","4:70a784b1-e1e2-403d-9e72-e2002591c6d7:55","Director","Jonas Pate",
"4:70a784b1-e1e2-403d-9e72-e2002591c6d7:1","User","Pamela","WATCHED","4:70a784b1-e1e2-403d-9e72-e2002591c6d7:49","Series","Irmandade",10
"4:70a784b1-e1e2-403d-9e72-e2002591c6d7:6","User","Isabelly","WATCHED","4:70a784b1-e1e2-403d-9e72-e2002591c6d7:49","Series","Irmandade",10
"4:70a784b1-e1e2-403d-9e72-e2002591c6d7:7","User","Ronaldo","WATCHED","4:70a784b1-e1e2-403d-9e72-e2002591c6d7:49","Series","Irmandade",10
"4:70a784b1-e1e2-403d-9e72-e2002591c6d7:49","Series","Irmandade","DIRECTED_BY","4:70a784b1-e1e2-403d-9e72-e2002591c6d7:58","Director","Pedro Morelli",
"4:70a784b1-e1e2-403d-9e72-e2002591c6d7:1","User","Pamela","WATCHED","4:70a784b1-e1e2-403d-9e72-e2002591c6d7:13","Movie","Invocação do Mal",10
"4:70a784b1-e1e2-403d-9e72-e2002591c6d7:2","User","João","WATCHED","4:70a784b1-e1e2-403d-9e72-e2002591c6d7:13","Movie","Invocação do Mal",10
"4:70a784b1-e1e2-403d-9e72-e2002591c6d7:4","User","Jhennyfer","WATCHED","4:70a784b1-e1e2-403d-9e72-e2002591c6d7:13","Movie","Invocação do Mal",10
"4:70a784b1-e1e2-403d-9e72-e2002591c6d7:6","User","Isabelly","WATCHED","4:70a784b1-e1e2-403d-9e72-e2002591c6d7:13","Movie","Invocação do Mal",10
"4:70a784b1-e1e2-403d-9e72-e2002591c6d7:7","User","Ronaldo","WATCHED","4:70a784b1-e1e2-403d-9e72-e2002591c6d7:13","Movie","Invocação do Mal",10
"4:70a784b1-e1e2-403d-9e72-e2002591c6d7:8","User","Gabriel","WATCHED","4:70a784b1-e1e2-403d-9e72-e2002591c6d7:13","Movie","Invocação do Mal",10
"4:70a784b1-e1e2-403d-9e72-e2002591c6d7:9","User","Leonardo","WATCHED","4:70a784b1-e1e2-403d-9e72-e2002591c6d7:13","Movie","Invocação do Mal",10
"4:70a784b1-e1e2-403d-9e72-e2002591c6d7:13","Movie","Invocação do Mal","HAS_GENRE","4:70a784b1-e1e2-403d-9e72-e2002591c6d7:72","Genre","Terror",
"4:70a784b1-e1e2-403d-9e72-e2002591c6d7:13","Movie","Invocação do Mal","DIRECTED_BY","4:70a784b1-e1e2-403d-9e72-e2002591c6d7:36","Director","James Wan",
"4:70a784b1-e1e2-403d-9e72-e2002591c6d7:51","Actor","Lorraine Warren","ACTED_IN","4:70a784b1-e1e2-403d-9e72-e2002591c6d7:13","Movie","Invocação do Mal",
"4:70a784b1-e1e2-403d-9e72-e2002591c6d7:84","Actor","Sean Astin","ACTED_IN","4:70a784b1-e1e2-403d-9e72-e2002591c6d7:19","Movie","Os Goonies",
"4:70a784b1-e1e2-403d-9e72-e2002591c6d7:61","Actor","Ralph Macchio","ACTED_IN","4:70a784b1-e1e2-403d-9e72-e2002591c6d7:40","Series","Cobra Kai",
"4:70a784b1-e1e2-403d-9e72-e2002591c6d7:60","Actor","Cillian Murphy","ACTED_IN","4:70a784b1-e1e2-403d-9e72-e2002591c6d7:41","Series","Peaky Blinders",
"4:70a784b1-e1e2-403d-9e72-e2002591c6d7:64","Actor","Asa Butterfield","ACTED_IN","4:70a784b1-e1e2-403d-9e72-e2002591c6d7:44","Series","Sex Education",
"4:70a784b1-e1e2-403d-9e72-e2002591c6d7:63","Actor","Alex Lawther","ACTED_IN","4:70a784b1-e1e2-403d-9e72-e2002591c6d7:45","Series","The End Of The Fucking World",
"4:70a784b1-e1e2-403d-9e72-e2002591c6d7:62","Actor","Jenna Ortega","ACTED_IN","4:70a784b1-e1e2-403d-9e72-e2002591c6d7:46","Series","Wandinha",
"4:70a784b1-e1e2-403d-9e72-e2002591c6d7:69","Actor","Finn Wolfhard","ACTED_IN","4:70a784b1-e1e2-403d-9e72-e2002591c6d7:47","Series","Stranger Things",
"4:70a784b1-e1e2-403d-9e72-e2002591c6d7:68","Actor","Seu Jorge","ACTED_IN","4:70a784b1-e1e2-403d-9e72-e2002591c6d7:49","Series","Irmandade",