"~id","~labels","nome"
"4:70a784b1-e1e2-403d-9e72-e2002591c6d7:0","User","Pedro"
"4:70a784b1-e1e2-403d-9e72-e2002591c6d7:1","User","Pamela"
"4:70a784b1-e1e2-403d-9e72-e2002591c6d7:2","User","João"
"4:70a784b1-e1e2-403d-9e72-e2002591c6d7:3","User","Fernando"
"4:70a784b1-e1e2-403d-9e72-e2002591c6d7:4","User","Jhennyfer"
"4:70a784b1-e1e2-403d-9e72-e2002591c6d7:5","User","Maria"
"4:70a784b1-e1e2-403d-9e72-e2002591c6d7:6","User","Isabelly"
"4:70a784b1-e1e2-403d-9e72-e2002591c6d7:7","User","Ronaldo"
"4:70a784b1-e1e2-403d-9e72-e2002591c6d7:8","User","Gabriel"
"4:70a784b1-e1e2-403d-9e72-e2002591c6d7:9","User","Leonardo"
"4:70a784b1-e1e2-403d-9e72-e2002591c6d7:10","Movie","Harry Potter e a Pedra Filosofal"
"4:70a784b1-e1e2-403d-9e72-e2002591c6d7:11","Movie","Indiana Jones"
"4:70a784b1-e1e2-403d-9e72-e2002591c6d7:12","Movie","Gente Grande"
"4:70a784b1-e1e2-403d-9e72-e2002591c6d7:13","Movie","Invocação do Mal"
"4:70a784b1-e1e2-403d-9e72-e2002591c6d7:14","Movie","Karatê Kid"
"4:70a784b1-e1e2-403d-9e72-e2002591c6d7:15","Movie","Batman"
"4:70a784b1-e1e2-403d-9e72-e2002591c6d7:16","Movie","O Espetacular Homem-Aranha"
"4:70a784b1-e1e2-403d-9e72-e2002591c6d7:17","Movie","Homem de Ferro"
"4:70a784b1-e1e2-403d-9e72-e2002591c6d7:18","Movie","O Poderoso Chefão"
"4:70a784b1-e1e2-403d-9e72-e2002591c6d7:19","Movie","Os Goonies"
"4:70a784b1-e1e2-403d-9e72-e2002591c6d7:20","Actor","Adam Sandler"
"4:70a784b1-e1e2-403d-9e72-e2002591c6d7:21","Actor","Robert Downey Jr."
"4:70a784b1-e1e2-403d-9e72-e2002591c6d7:22","Actor","Al Pacino"
"4:70a784b1-e1e2-403d-9e72-e2002591c6d7:23","Actor","Harrisson Ford"
"4:70a784b1-e1e2-403d-9e72-e2002591c6d7:24","Actor","Andrew Garfield"
"4:70a784b1-e1e2-403d-9e72-e2002591c6d7:25","Actor","Robert Pattinson"
"4:70a784b1-e1e2-403d-9e72-e2002591c6d7:26","Actor","Marlon Brando"
"4:70a784b1-e1e2-403d-9e72-e2002591c6d7:27","Actor","Kevin James"
"4:70a784b1-e1e2-403d-9e72-e2002591c6d7:28","Actor","Daniel Radcliffe"
"4:70a784b1-e1e2-403d-9e72-e2002591c6d7:29","Actor","William Zabka"
"4:70a784b1-e1e2-403d-9e72-e2002591c6d7:30","Director","Matt Reeves"
"4:70a784b1-e1e2-403d-9e72-e2002591c6d7:31","Director","Steven Spielberg"
"4:70a784b1-e1e2-403d-9e72-e2002591c6d7:32","Director","Francis Ford Coppola"
"4:70a784b1-e1e2-403d-9e72-e2002591c6d7:33","Director","Chris Colombus"
"4:70a784b1-e1e2-403d-9e72-e2002591c6d7:34","Director","Dennis Dugan"
"4:70a784b1-e1e2-403d-9e72-e2002591c6d7:35","Director","John G. Avildsen"
"4:70a784b1-e1e2-403d-9e72-e2002591c6d7:36","Director","James Wan"
"4:70a784b1-e1e2-403d-9e72-e2002591c6d7:37","Actor;Director","Jon Favreau"
"4:70a784b1-e1e2-403d-9e72-e2002591c6d7:38","Director","Mark Webb"
"4:70a784b1-e1e2-403d-9e72-e2002591c6d7:39","Director","Richard Donner"
"4:70a784b1-e1e2-403d-9e72-e2002591c6d7:40","Series","Cobra Kai"
"4:70a784b1-e1e2-403d-9e72-e2002591c6d7:41","Series","Peaky Blinders"
"4:70a784b1-e1e2-403d-9e72-e2002591c6d7:42","Series","Supernatural"
"4:70a784b1-e1e2-403d-9e72-e2002591c6d7:43","Series","Como Vender Drogas Online"
"4:70a784b1-e1e2-403d-9e72-e2002591c6d7:44","Series","Sex Education"
"4:70a784b1-e1e2-403d-9e72-e2002591c6d7:45","Series","The End Of The Fucking World"
"4:70a784b1-e1e2-403d-9e72-e2002591c6d7:46","Series","Wandinha"
"4:70a784b1-e1e2-403d-9e72-e2002591c6d7:47","Series","Stranger Things"
"4:70a784b1-e1e2-403d-9e72-e2002591c6d7:48","Series","Outer Banks"
"4:70a784b1-e1e2-403d-9e72-e2002591c6d7:49","Series","Irmandade"
"4:70a784b1-e1e2-403d-9e72-e2002591c6d7:50","Director","Tim Burton"
"4:70a784b1-e1e2-403d-9e72-e2002591c6d7:51","Actor","Lorraine Warren"
"4:70a784b1-e1e2-403d-9e72-e2002591c6d7:52","Director","Steven Knight"
"4:70a784b1-e1e2-403d-9e72-e2002591c6d7:53","Director","Jon Hurwitz"
"4:70a784b1-e1e2-403d-9e72-e2002591c6d7:54","Director","Ben Taylor"
"4:70a784b1-e1e2-403d-9e72-e2002591c6d7:55","Director","Jonas Pate"
"4:70a784b1-e1e2-403d-9e72-e2002591c6d7:56","Director","Eric Kripke"
"4:70a784b1-e1e2-403d-9e72-e2002591c6d7:57","Director","Arne Feldhusen"
"4:70a784b1-e1e2-403d-9e72-e2002591c6d7:58","Director","Pedro Morelli"
"4:70a784b1-e1e2-403d-9e72-e2002591c6d7:59","Director","Ross Duffer"
"4:70a784b1-e1e2-403d-9e72-e2002591c6d7:60","Actor","Cillian Murphy"
"4:70a784b1-e1e2-403d-9e72-e2002591c6d7:61","Actor","Ralph Macchio"
"4:70a784b1-e1e2-403d-9e72-e2002591c6d7:62","Actor","Jenna Ortega"
"4:70a784b1-e1e2-403d-9e72-e2002591c6d7:63","Actor","Alex Lawther"
"4:70a784b1-e1e2-403d-9e72-e2002591c6d7:64","Actor","Asa Butterfield"
"4:70a784b1-e1e2-403d-9e72-e2002591c6d7:65","Actor","Jensen Ackles"
"4:70a784b1-e1e2-403d-9e72-e2002591c6d7:66","Actor","Madelyn Cline"
"4:70a784b1-e1e2-403d-9e72-e2002591c6d7:67","Actor","Maximilian Mundt"
"4:70a784b1-e1e2-403d-9e72-e2002591c6d7:68","Actor","Seu Jorge"
"4:70a784b1-e1e2-403d-9e72-e2002591c6d7:69","Actor","Finn Wolfhard"
"4:70a784b1-e1e2-403d-9e72-e2002591c6d7:70","Genre","Ação"
"4:70a784b1-e1e2-403d-9e72-e2002591c6d7:71","Genre","Drama"
"4:70a784b1-e1e2-403d-9e72-e2002591c6d7:72","Genre","Terror"
"4:70a784b1-e1e2-403d-9e72-e2002591c6d7:73","Genre","Comédia"
"4:70a784b1-e1e2-403d-9e72-e2002591c6d7:74","Genre","Aventura"
"4:70a784b1-e1e2-403d-9e72-e2002591c6d7:75","Genre","Ficção"
"4:70a784b1-e1e2-403d-9e72-e2002591c6d7:76","Genre","Suspense"
"4:70a784b1-e1e2-403d-9e72-e2002591c6d7:83","Director","Jonathan Entwistle"
"4:70a784b1-e1e2-403d-9e72-e2002591c6d7:84","Actor","Sean Astin"